,Principal,Maturity,Yield,Monthly Payment,Annual Prob. Default,Monthly Prob. Default
0,36697.54137,5,0.077452227,739.6272608,0.053777528,0.00459587
1,36061.17559,5,0.077748778,727.311571,0.0542401,0.004636431
2,47170.53405,5,0.086152824,970.3987335,0.067247756,0.00578451
3,44226.59,5,0.080129231,897.029335,0.057944363,0.004961894
4,42443.84143,5,0.070268128,840.9759625,0.042496256,0.003612264
5,41100.86525,5,0.070143149,814.1240087,0.042298716,0.003595135
6,43982.6478,5,0.083760102,899.7453186,0.063564185,0.005457909
7,37868.30267,5,0.082219781,771.8618927,0.061184542,0.005247546
8,42570.75824,5,0.076993543,857.0692385,0.05306157,0.004533128
9,42001.6888,5,0.07893006,849.4937073,0.056080282,0.004797966
10,42470.88731,5,0.07471972,850.463908,0.049503701,0.00422198
11,37939.50097,5,0.076842666,763.5562331,0.052825941,0.004512488
12,36342.70472,5,0.073751919,726.0797403,0.047984984,0.004089488
13,37125.91926,5,0.075713483,745.1866394,0.05106043,0.00435799
14,36159.90034,5,0.081458908,735.7197204,0.060006651,0.005143599
15,42563.01993,5,0.070287826,843.3769197,0.042527386,0.003614964
16,35601.419,5,0.072111034,708.5020207,0.04540402,0.00386477
17,39262.08921,5,0.073265752,783.5001046,0.047221076,0.004022918
18,37871.3417,5,0.073802586,756.7109322,0.048064558,0.004096425
19,40067.2767,5,0.077695779,808.0086261,0.054157449,0.004629182
20,41676.31743,5,0.086797036,858.6676131,0.068236829,0.005872407
21,41149.31835,5,0.082424301,839.1422577,0.061500882,0.005275482
22,40621.00987,5,0.075683333,815.2813886,0.05101324,0.004353864
23,41177.99077,5,0.090162764,855.1126808,0.073385868,0.006331376
24,41782.58237,5,0.078324456,843.8535856,0.055137367,0.004715159
25,40013.65429,5,0.082757199,816.6229247,0.062015542,0.005320952
26,39766.08576,5,0.078761164,803.957219,0.055817416,0.004774874
27,43282.58518,5,0.077922215,873.3170883,0.054510521,0.004660151
28,37022.8496,5,0.086017562,761.3974456,0.06703994,0.005766053
29,43034.1747,5,0.077123896,866.6664694,0.053265098,0.00455096
30,39827.54973,5,0.086516271,820.0368,0.067805904,0.005834101
31,41931.38577,5,0.093613001,877.7976858,0.078632211,0.00680143
32,37713.09846,5,0.065477978,738.7447047,0.034893308,0.002955343
33,43257.84067,5,0.066036435,848.4909186,0.035783051,0.003031974
34,35075.86259,5,0.075046997,702.9266688,0.050016685,0.004266776
35,45317.48918,5,0.079382407,917.5364126,0.056783912,0.004859809
36,37850.66577,5,0.075802614,759.8941461,0.051199917,0.004370186
37,38891.52443,5,0.075082657,779.4591353,0.050072561,0.004271657
38,41402.84801,5,0.079848413,839.2001373,0.057508196,0.004923511
39,41641.1213,5,0.072443041,829.35224,0.045926848,0.003910246
40,42452.21493,5,0.086275847,873.5849597,0.067436724,0.005801297
41,43078.24127,5,0.073807878,860.7613084,0.048072868,0.004097149
42,36258.28835,5,0.080659808,736.3328263,0.058767859,0.005034407
43,37210.10819,5,0.07885908,752.4566947,0.05596982,0.004788261
44,38306.03188,5,0.072752331,763.4894507,0.046413624,0.003952607
45,37468.00052,5,0.082471713,764.155867,0.061574199,0.005281958
46,39966.55996,5,0.078363366,807.2509017,0.05519798,0.00472048
47,35864.69798,5,0.075214283,719.0202285,0.050278778,0.004289672
48,35532.93878,5,0.086497452,731.5798075,0.067777013,0.005831533
49,36625.14589,5,0.086419156,753.9285281,0.0676568,0.00582085
50,37244.89159,5,0.071250907,739.6935935,0.044048092,0.003746935
51,44045.40826,5,0.080555435,894.2533492,0.058605925,0.005020144
52,44090.65694,5,0.076971627,887.6230321,0.053027348,0.00453013
53,39969.79552,5,0.087691967,825.2371192,0.069608953,0.005994486
54,39981.78007,5,0.078523275,807.8636257,0.055447036,0.004742346
55,44181.10063,5,0.067075873,868.7563328,0.037436738,0.003174574
56,36710.65408,5,0.080889556,745.9235532,0.059124204,0.005065804
57,34187.52914,5,0.083544434,699.0136053,0.063231393,0.005428461
58,35346.32131,5,0.072955886,704.8393892,0.046733841,0.003980484
59,40592.89934,5,0.077551464,818.3290672,0.053932348,0.004609444
60,35207.97104,5,0.081496629,716.4151863,0.060065084,0.005148753
61,35401.32147,5,0.069609078,700.3358455,0.04145407,0.003521933
62,39211.56998,5,0.079254627,793.6712215,0.056585207,0.00484234
63,36319.3425,5,0.072192201,722.928896,0.045531867,0.003875888
64,41409.05577,5,0.078789077,837.2286237,0.055860865,0.00477869
65,38995.32147,5,0.075558101,782.4208452,0.050817205,0.004336726
66,42022.59398,5,0.081199824,854.4817377,0.059605203,0.0051082
67,44531.98081,5,0.081059076,905.2068246,0.059387038,0.005088968
68,35704.33667,5,0.080341543,724.5389619,0.058273981,0.004990912
69,36013.50446,5,0.07320253,718.5645953,0.047121687,0.004014261
70,39727.89529,5,0.079114882,803.8566353,0.056367843,0.004823235
71,37041.40675,5,0.071822592,736.6536289,0.044949545,0.003825257
72,46894.66142,5,0.068699437,925.6957055,0.040013592,0.003397229
73,40578.43634,5,0.067414733,798.5614105,0.037975181,0.003221054
74,39010.98525,5,0.076325131,784.1589562,0.052017201,0.004441683
75,35160.09057,5,0.075424431,705.2454401,0.050607914,0.004318433
76,41429.18914,5,0.073803655,827.8027256,0.048066236,0.004096571
77,43718.69913,5,0.089329908,906.1071408,0.072114604,0.006217843
78,42790.5972,5,0.077201952,861.9202629,0.053386948,0.004561637
79,39299.25438,5,0.079513342,795.9321856,0.056987477,0.004877708
80,40274.60564,5,0.091698925,839.3592894,0.075725701,0.006540715
81,41640.78053,5,0.085030709,854.3860095,0.06552223,0.005631371
82,45716.17482,5,0.067700326,900.2831154,0.038428729,0.003260223
83,47117.37065,5,0.073875802,941.620386,0.048179532,0.004106449
84,41288.25038,5,0.078489911,834.1961081,0.055395078,0.004737784
85,37865.85182,5,0.080202798,768.1505048,0.058058591,0.004971949
86,41728.19758,5,0.078939928,843.9819624,0.056095638,0.004799315
87,41626.90337,5,0.068360854,821.0471567,0.039476824,0.003350804
88,39547.45231,5,0.086126382,813.5251648,0.067207135,0.005780902
89,44913.06785,5,0.081750259,914.4418516,0.060457874,0.005183405
90,34249.37252,5,0.085879355,704.1307618,0.06682755,0.005747193
91,42007.97893,5,0.082892544,857.5975016,0.0622247,0.005339437
92,47949.43334,5,0.082934854,978.9904359,0.062290072,0.005345215
93,33155.95438,5,0.080533333,673.1298108,0.05857163,0.005017123
94,39901.33813,5,0.075463249,800.4196201,0.050668699,0.004323745
95,38360.76155,5,0.085625067,788.1859237,0.066436631,0.005712491
96,39125.90086,5,0.087225557,806.9310875,0.068894119,0.005930866
97,40242.47644,5,0.082527887,820.8495762,0.061661058,0.005289631
98,46737.88346,5,0.070494769,926.557514,0.04285437,0.003643324
99,41150.77893,5,0.088720579,851.6695241,0.071183335,0.006134764
100,47069.16518,5,0.096983314,993.1083639,0.083725969,0.007260167
101,40293.49309,5,0.082778952,822.3761583,0.062049163,0.005323923
102,37838.78086,5,0.081593399,770.1227829,0.060214971,0.005161975
103,40374.57213,5,0.075436241,809.860828,0.050626408,0.004320049
104,43648.9772,5,0.083046862,891.4223789,0.062463114,0.005360512
105,35122.62128,5,0.066974919,690.4680931,0.037276261,0.003160726
106,39660.06189,5,0.093916608,830.8369021,0.079092325,0.006842772
107,42523.38483,5,0.080682249,863.6100322,0.058802671,0.005037474
108,44820.86587,5,0.073831784,895.632128,0.048110411,0.004100423
109,37294.06465,5,0.084670472,764.5526777,0.064967545,0.005582198
110,44535.97152,5,0.079313366,901.5661219,0.056676554,0.00485037
111,39951.60818,5,0.087687366,824.8527204,0.069601903,0.005993858
112,42493.2365,5,0.092310174,886.8616681,0.076654957,0.006623988
113,42737.39664,5,0.074325574,855.0007449,0.048885506,0.004168025
114,40112.37519,5,0.076543304,806.7146873,0.052358226,0.004471533
115,39524.95707,5,0.071527672,785.4934514,0.04448462,0.003784854
116,35876.20487,5,0.079065073,725.8358872,0.056290355,0.004816425
117,41405.08269,5,0.069740693,819.3638019,0.041662297,0.003539974
118,40285.71703,5,0.082252285,821.1984224,0.061234824,0.005251986
119,43308.09083,5,0.084871198,888.2629791,0.065276662,0.005609598
120,38712.09411,5,0.082181946,788.9904064,0.061126008,0.005242377
121,43837.6884,5,0.081702014,892.445379,0.060383172,0.005176814
122,39053.93845,5,0.077686847,787.5567043,0.054143517,0.00462796
123,41678.99122,5,0.084071204,853.2438044,0.064044014,0.005500386
124,37538.29292,5,0.096048428,790.2987081,0.082316083,0.007132961
125,41070.55879,5,0.072972995,819.019443,0.04676075,0.003982827
126,36530.24529,5,0.088774992,756.1378027,0.071266538,0.006142183
127,39943.89187,5,0.062012582,775.9709054,0.02935225,0.002479558
128,39417.0164,5,0.078691231,796.7683421,0.055708551,0.004765312
129,36770.08979,5,0.076429812,739.2980344,0.052180844,0.004456006
130,39712.92056,5,0.075738833,797.1604823,0.051100104,0.004361459
131,44865.2945,5,0.073460282,895.7294154,0.047526817,0.004049556
132,38556.71688,5,0.07821635,778.5040398,0.05496894,0.004700375
133,39196.00692,5,0.06761326,771.7217719,0.038290486,0.003248282
134,40332.69439,5,0.073202583,804.7439518,0.047121771,0.004014268
135,38240.70449,5,0.076623138,769.218233,0.052482981,0.004482455
136,43960.39766,5,0.082718554,897.0888381,0.061955812,0.005315673
137,41000.80901,5,0.078841551,829.0772829,0.055942537,0.004785865
138,37602.62646,5,0.087765341,776.4968032,0.069721354,0.006004494
139,41641.63942,5,0.08189964,848.1331802,0.060689134,0.005203812
140,39340.28212,5,0.086188219,809.3809306,0.067302128,0.00578934
141,39108.85946,5,0.085906335,804.0875755,0.066869015,0.005750875
142,43074.44026,5,0.075325734,863.7903143,0.050453349,0.004304925
143,41720.0436,5,0.082653891,851.2408944,0.061855861,0.005306842
144,41135.65983,5,0.079042452,832.1990214,0.056255161,0.004813333
145,37373.78733,5,0.08198676,761.3642549,0.060823976,0.005215714
146,41141.58663,5,0.084768705,843.6240969,0.065118837,0.005595607
147,37315.08183,5,0.070322181,739.4506858,0.042581679,0.003619672
148,46823.64903,5,0.078854517,946.8499286,0.055962717,0.004787638
149,39129.3539,5,0.070668773,776.0433425,0.043129216,0.003667169
150,39388.15155,5,0.090572529,818.7281406,0.074010636,0.006387225
151,41203.73006,5,0.082906727,841.2067544,0.062246614,0.005341374
152,47721.73599,5,0.090249652,991.2030623,0.073518383,0.006343219
153,43126.779,5,0.078364587,871.0840198,0.055199882,0.004720647
154,34038.8376,5,0.092018551,709.9296185,0.076211742,0.006584261
155,42608.93381,5,0.078695861,861.2985992,0.055715759,0.004765945
156,39762.76924,5,0.086913638,819.4663388,0.06841573,0.005888314
157,34127.65713,5,0.075713084,685.0052612,0.051059804,0.004357935
158,38890.22601,5,0.087299538,802.2096434,0.069007543,0.005940958
159,40529.72368,5,0.079492129,820.8118995,0.0569545,0.004874808
160,40548.46191,5,0.082433867,826.9078506,0.061515676,0.005276789
161,38749.86857,5,0.08126687,788.0591368,0.059709108,0.005117361
162,36874.24507,5,0.08037996,748.3474446,0.058333611,0.004996162
163,36913.71705,5,0.073822178,737.6108494,0.048095325,0.004099107
164,33778.10331,5,0.072515796,672.8635099,0.046041378,0.003920211
165,40337.69422,5,0.081128961,820.0841887,0.05949537,0.005098517
166,40930.54631,5,0.081985228,833.8181562,0.060821606,0.005215505
167,38965.47769,5,0.084069044,797.6892571,0.064040683,0.005500091
168,38319.95405,5,0.086300314,788.5962438,0.067474301,0.005804635
169,35617.48472,5,0.069386761,704.2388304,0.041102231,0.003491458
170,36105.36526,5,0.076644801,726.3027778,0.05251683,0.004485419
171,42952.41515,5,0.082193008,875.4351126,0.061143121,0.005243888
172,39639.83563,5,0.086224843,815.613987,0.067358385,0.005794337
173,38688.52051,5,0.078031838,780.8245752,0.0546814,0.004675143
174,39904.77871,5,0.081323236,811.6544792,0.059796452,0.005125062
175,39485.04465,5,0.083523572,807.2893722,0.063199195,0.005425612
176,42820.362,5,0.095150919,899.6231488,0.080960355,0.00701081
177,41000.61854,5,0.079723397,830.8020569,0.057313951,0.004906422
178,44269.51971,5,0.087593856,913.8013474,0.069458634,0.005981104
179,38401.10942,5,0.084851606,787.5829474,0.065246496,0.005606924
180,44283.1871,5,0.068934131,874.6349836,0.040385471,0.003429407
181,38969.47784,5,0.08499308,799.5055168,0.065464307,0.005626235
182,39451.83513,5,0.072912482,786.6261232,0.046665571,0.00397454
183,39062.96914,5,0.07716218,786.7615287,0.053324863,0.004556196
184,36901.58257,5,0.085040904,757.1652262,0.065537924,0.005632762
185,39436.03414,5,0.075957939,792.0136189,0.051442945,0.004391441
186,42307.36254,5,0.075923624,849.6108653,0.051389261,0.004386745
187,40879.45979,5,0.078552189,826.0584083,0.055492062,0.0047463
188,41304.8388,5,0.077230165,832.0485551,0.053430986,0.004565496
189,42671.43996,5,0.069664151,844.2696715,0.041541206,0.003529482
190,40936.0879,5,0.0803339,830.6905698,0.058262118,0.004989867
191,39031.33094,5,0.076701615,785.2677185,0.052605598,0.004493192
192,36276.223,5,0.076094774,728.7897774,0.051656988,0.004410164
193,42133.16851,5,0.079596982,853.4963134,0.057117488,0.004889142
194,44116.41073,5,0.07983196,894.1669907,0.057482634,0.004921262
195,46013.73705,5,0.073396234,918.5181829,0.047426166,0.004040786
196,42130.86294,5,0.072736952,839.6926592,0.046389426,0.003950501
197,40250.99126,5,0.078919101,814.0643714,0.056063227,0.004796468
198,37003.13795,5,0.075415285,742.1974208,0.050593592,0.004317181
199,42267.82813,5,0.078856993,854.7288615,0.055966572,0.004787976
200,33534.55948,5,0.081158196,681.8202724,0.059540684,0.005102512
201,44239.81537,5,0.076116692,888.8245981,0.051691267,0.004413163
202,38612.42857,5,0.084310185,790.9099918,0.064412425,0.005533013
203,43860.10465,5,0.080018542,889.3636967,0.057772466,0.004946765
204,36211.60475,5,0.077881694,730.5751869,0.054447349,0.004654609
205,50126.69885,5,0.075725915,1006.166245,0.051079886,0.004359691
206,37542.36004,5,0.084721367,769.734946,0.065045934,0.005589145
207,36887.47331,5,0.081639019,750.8417886,0.060285621,0.005168207
208,42673.53388,5,0.084732388,874.9625996,0.065062907,0.00559065
209,43763.49914,5,0.080390261,888.1835716,0.058349598,0.00499757
210,41564.03312,5,0.082873567,848.4963958,0.062195376,0.005336845
211,44571.81285,5,0.079364763,902.4012131,0.056756478,0.004857397
212,42114.34196,5,0.077567302,849.0322719,0.053957056,0.00461161
213,38310.66254,5,0.067429617,753.9596659,0.037998823,0.003223095
214,36563.5699,5,0.077240813,736.5585487,0.053447606,0.004566952
215,37133.8374,5,0.079219225,751.5535272,0.056530146,0.0048375
216,46221.20652,5,0.078118638,933.0432325,0.054816679,0.004687013
217,39466.91501,5,0.079011642,798.381199,0.056207224,0.00480912
218,37641.07682,5,0.08242784,767.6064304,0.061506354,0.005275966
219,43852.87957,5,0.082118093,893.6302337,0.061027213,0.005233655
220,39250.41253,5,0.075315636,787.086595,0.050437534,0.004303543
221,36433.95962,5,0.081048145,740.578306,0.059370093,0.005087474
222,34277.61157,5,0.076525978,689.3413325,0.052331148,0.004469163
223,45065.02073,5,0.086758816,928.4026971,0.068178181,0.005867192
224,39026.30191,5,0.071059339,774.7195678,0.043745815,0.003720687
225,38759.94865,5,0.083449132,792.3256956,0.063084295,0.005415447
226,36987.28803,5,0.085271838,759.3355372,0.065893316,0.005664283
227,39868.29844,5,0.069043626,787.6423996,0.040558914,0.003444418
228,41073.69406,5,0.077921498,828.7466635,0.054509403,0.004660053
229,39254.8077,5,0.078043876,792.2761236,0.054700162,0.004676789
230,38572.55922,5,0.066758121,757.8969264,0.03693154,0.003130986
231,38946.6401,5,0.084661751,798.4151915,0.064954112,0.005581007
232,43400.2146,5,0.080733715,881.5246269,0.058882505,0.005044507
233,41177.93675,5,0.078330965,831.654778,0.055147507,0.004716049
234,33071.73286,5,0.083564505,676.2314592,0.06326237,0.005431201
235,39643.96506,5,0.073873844,792.2639087,0.048176459,0.004106181
236,46546.59854,5,0.094294661,975.9615558,0.079664915,0.006894246
237,44824.3749,5,0.082298234,913.81493,0.061305901,0.005258262
238,41350.10104,5,0.070311112,819.3886456,0.042564186,0.003618155
239,36281.13897,5,0.085103031,744.5432984,0.065633547,0.005641242
240,43074.80735,5,0.075308445,863.7622709,0.050426271,0.004302559
241,41131.15068,5,0.089857484,853.5305699,0.07292011,0.006289764
242,41872.92728,5,0.079049788,847.129065,0.056266575,0.004814336
243,42529.99699,5,0.07350028,849.1861832,0.047589668,0.004055032
244,40010.65235,5,0.065393577,783.5921648,0.034758761,0.00294376
245,45969.39263,5,0.084180952,941.3188816,0.064213221,0.00551537
246,42363.89308,5,0.087879127,875.0505277,0.069895633,0.006020013
247,39475.03023,5,0.074148831,789.4029377,0.048608153,0.004143829
248,44286.67074,5,0.100908391,942.9415572,0.089619752,0.007793878
249,47028.85888,5,0.074732907,941.7650726,0.049524377,0.004223785
250,43080.17811,5,0.081172008,875.9290644,0.059562092,0.005104399
251,36856.8454,5,0.076830778,741.746235,0.052807371,0.004510862
252,35408.67508,5,0.077804136,714.2449162,0.054326422,0.004644002
253,38125.49168,5,0.071106242,756.9218873,0.043819832,0.003727114
254,42399.94726,5,0.076038474,851.7018666,0.051568927,0.004402461
255,41761.89959,5,0.064611537,816.3598519,0.033511116,0.002836427
256,39194.59015,5,0.075475345,786.2648204,0.050687638,0.004325401
257,43599.66096,5,0.068744218,860.7446887,0.040084561,0.003403369
258,43601.98565,5,0.07860923,881.1917553,0.055580881,0.004754099
259,38139.1398,5,0.082599538,778.0778326,0.061771836,0.005299418
260,37494.98799,5,0.082033809,763.9179756,0.06089679,0.005222141
261,41834.33408,5,0.079109276,846.4672343,0.056359121,0.004822469
262,34209.07191,5,0.086314823,704.0213032,0.067496584,0.005806615
263,36849.81457,5,0.068304247,726.7258939,0.039387051,0.003343042
264,34355.4914,5,0.083644088,702.6125196,0.063385183,0.005442068
265,36332.68829,5,0.076002306,729.7642784,0.051512351,0.004397512
266,38949.53108,5,0.073605695,777.8905916,0.047755293,0.004069467
267,41488.66595,5,0.076823314,834.9471484,0.052795712,0.004509841
268,38897.01808,5,0.086474236,800.798478,0.06774137,0.005828366
269,38923.26525,5,0.065475966,762.446439,0.0348901,0.002955067
270,41896.4324,5,0.07516843,839.8539268,0.050206946,0.004283396
271,39759.91805,5,0.082993318,811.8956464,0.062380398,0.0053532
272,37907.13046,5,0.06713482,745.4929255,0.037530427,0.00318266
273,37239.13273,5,0.080767689,756.4442609,0.058935203,0.00504915
274,33076.4343,5,0.076716834,665.4856851,0.052629374,0.004495274
275,41405.01156,5,0.079643795,838.8386686,0.057190245,0.004895541
276,44593.52377,5,0.07880779,901.653629,0.055889991,0.004781249
277,37798.81685,5,0.071223033,750.6449002,0.044004115,0.003743116
278,38327.31422,5,0.081070119,779.1041226,0.059404158,0.005090477
279,40451.67662,5,0.078629493,817.563478,0.055612431,0.00475687
280,38473.41822,5,0.084907083,789.1688069,0.065331913,0.005614496
281,40909.99473,5,0.075637935,820.9931011,0.05094218,0.004347651
282,35012.47935,5,0.085692686,719.5040839,0.0665406,0.005721719
283,42792.42049,5,0.081667039,871.0940699,0.060329013,0.005172035
284,33882.70896,5,0.088231527,700.4447369,0.070435157,0.006068074
285,39236.84062,5,0.072376896,781.3441168,0.045822712,0.003901186
286,35029.83082,5,0.074177049,700.5568629,0.04865244,0.004147692
287,36681.31843,5,0.080324542,744.3347421,0.05824759,0.004988588
288,35220.85106,5,0.08213467,717.7555206,0.061052863,0.005235919
289,40199.24573,5,0.081518768,818.020808,0.060099377,0.005151778
290,38029.93877,5,0.070452112,753.8498375,0.042786979,0.003637478
291,34286.98949,5,0.072831346,683.5129976,0.046537937,0.003963428
292,34841.61138,5,0.070441172,690.6311082,0.042769696,0.003635979
293,42909.26052,5,0.079336961,868.6841261,0.056713246,0.004853596
294,40791.2593,5,0.07625519,819.8083821,0.051907848,0.004432114
295,39018.31333,5,0.066372017,765.9481171,0.036317279,0.003078017
296,40128.05689,5,0.077124203,808.1406673,0.053265578,0.004551002
297,38500.69916,5,0.079302082,779.3700191,0.056659007,0.004848828
298,31126.63529,5,0.076856913,626.4641708,0.052848194,0.004514437
299,41817.66218,5,0.093731416,875.6585314,0.078811698,0.006817555
300,39245.65835,5,0.080441308,796.589581,0.058428824,0.005004547
301,42452.15741,5,0.069463021,839.5284985,0.041222937,0.003501912
302,39165.7006,5,0.07574132,786.1807269,0.051103995,0.004361799
303,42941.06593,5,0.076754114,864.0347039,0.052687615,0.004500374
304,36787.36758,5,0.068503615,725.839593,0.039703188,0.003370379
305,43362.46975,5,0.072856482,864.4848244,0.04657748,0.003966871
306,43727.55841,5,0.079961001,886.555603,0.057683094,0.0049389
307,45695.1674,5,0.069840629,904.4755327,0.041820372,0.003553672
308,39614.64249,5,0.07393154,791.7863529,0.048267051,0.004114081
309,37098.12664,5,0.08105412,754.0891825,0.059379355,0.005088291
310,45494.34861,5,0.077168453,916.3086038,0.053334657,0.004557055
311,47260.96275,5,0.090530739,982.2776688,0.073946939,0.00638153
312,44782.69187,5,0.077120265,901.8721563,0.05325943,0.004550463
313,37440.57171,5,0.076987663,753.7736462,0.053052389,0.004532324
314,37548.64361,5,0.083152865,767.0294803,0.062626846,0.005374989
315,43414.18102,5,0.069805646,859.2547797,0.04176504,0.003548877
316,35163.29661,5,0.077630962,709.0047864,0.054056355,0.004620317
317,41156.13797,5,0.078143688,830.846563,0.054855717,0.004690439
318,44578.83219,5,0.082493206,909.2265347,0.061607434,0.005284894
319,42812.73376,5,0.079724801,867.5241119,0.057316133,0.004906614
320,41192.474,5,0.079401611,834.0556749,0.056813771,0.004862434
321,38320.59028,5,0.069980504,758.7583678,0.042041573,0.003572844
322,37827.72242,5,0.079203276,765.5682587,0.05650534,0.00483532
323,42824.51388,5,0.088927262,886.7385423,0.071499333,0.006162946
324,42400.07203,5,0.072867264,845.3198869,0.046594442,0.003968347
325,38349.91397,5,0.080239387,778.0374135,0.058115397,0.00497695
326,36852.60624,5,0.077771332,743.3134504,0.05427527,0.004639515
327,45302.95793,5,0.075205509,908.2208229,0.050265033,0.004288471
328,43130.73402,5,0.085037856,884.9717505,0.065533231,0.005632346
329,47678.00758,5,0.085013351,978.2180167,0.065495512,0.005629002
330,42963.61676,5,0.085161339,881.7985093,0.065723284,0.005649201
331,39461.27874,5,0.081590621,803.1397985,0.060210668,0.005161595
332,34833.25124,5,0.078103989,703.1362011,0.05479385,0.00468501
333,42437.66816,5,0.068438228,837.1932061,0.039599516,0.003361414
334,35485.15272,5,0.076054139,712.8285393,0.05159343,0.004404604
335,42241.85738,5,0.082871451,862.3293394,0.062192106,0.005336556
336,41374.54795,5,0.085327069,849.5145654,0.065978291,0.005671821
337,35066.80673,5,0.080703039,712.2088554,0.058834922,0.005040315
338,35945.59263,5,0.071633282,714.5389892,0.044651136,0.003799323
339,47423.17709,5,0.0861465,975.5816638,0.067238041,0.005783647
340,36127.02756,5,0.074119236,722.4004239,0.048561703,0.004139778
341,45219.13543,5,0.090210732,939.1374227,0.073459028,0.006337914
342,38648.49088,5,0.077831018,779.6463225,0.054368338,0.004647678
343,37891.8182,5,0.079572858,767.5350827,0.057079991,0.004885844
344,36238.96128,5,0.078392724,732.011073,0.055243709,0.004724494
345,37213.2161,5,0.079310533,753.322524,0.05667215,0.004849983
346,38308.59741,5,0.07213368,762.4184959,0.045439692,0.003867872
347,37702.65097,5,0.089273701,781.3166877,0.072028742,0.00621018
348,32341.80107,5,0.081956804,658.8080925,0.060777613,0.005211622
349,38622.76311,5,0.082113829,787.0434619,0.061020615,0.005233072
350,38699.76018,5,0.064728072,756.7124206,0.033697144,0.002852422
351,39360.28425,5,0.076361313,791.2480102,0.052073765,0.004446634
352,40058.28667,5,0.086674062,825.0929218,0.068048112,0.005855629
353,35775.44247,5,0.077992013,721.963872,0.054619326,0.004669696
354,38952.80552,5,0.080296655,790.3755894,0.058204302,0.004984777
355,37529.80765,5,0.082173848,764.87966,0.061113479,0.005241271
356,36634.14338,5,0.082458862,747.1268306,0.061554328,0.005280203
357,38401.56249,5,0.06587345,752.9427559,0.035523473,0.003009611
358,42578.25448,5,0.075738823,854.6765279,0.051100088,0.004361457
359,42087.69632,5,0.072211906,837.7860209,0.045562901,0.003878587
360,38827.00209,5,0.069124325,767.2180722,0.040686723,0.003455482
361,44286.48271,5,0.077240934,892.133807,0.053447795,0.004566969
362,38719.91718,5,0.073236489,772.6270056,0.047175073,0.004018911
363,37485.14807,5,0.073833081,749.0485871,0.048112446,0.0041006
364,38777.10713,5,0.072236598,771.9316679,0.045601788,0.003881969
365,37077.06686,5,0.075217581,743.3317736,0.050283945,0.004290123
366,45140.64989,5,0.077174471,909.1976528,0.053344051,0.004557878
367,43452.27158,5,0.068263947,856.852452,0.039323134,0.003337516
368,36310.01779,5,0.080885441,737.775866,0.059117821,0.005065241
369,35657.51214,5,0.074278904,713.2821742,0.048812278,0.004161636
370,41825.91791,5,0.072399809,832.9471633,0.045858787,0.003904325
371,44503.43665,5,0.080769234,904.0084828,0.058937599,0.005049361
372,31823.73946,5,0.076681623,640.2285495,0.052574363,0.004490457
373,43899.65702,5,0.070764149,870.8493965,0.043279828,0.003680239
374,39030.17565,5,0.079319018,790.1198211,0.056685344,0.004851143
375,38430.34003,5,0.076240302,772.3322197,0.051884569,0.004430077
376,35311.86273,5,0.069060014,697.6522305,0.04058487,0.003446665
377,41346.71645,5,0.073361142,825.2871428,0.047371012,0.00403598
378,42403.05345,5,0.075106514,849.8848454,0.050109942,0.004274922
379,46017.54888,5,0.067338351,905.4349615,0.03785384,0.003210577
380,41750.95403,5,0.080738279,848.034757,0.058889586,0.005045131
381,42323.34035,5,0.084001494,866.2927827,0.063936519,0.005490868
382,45739.19131,5,0.073605901,913.4924876,0.047755617,0.004069495
383,43644.571,5,0.086275182,898.1199531,0.067435703,0.005801206
384,37105.89412,5,0.078432687,749.5935426,0.055305955,0.004729959
385,40186.1539,5,0.080528803,815.8476999,0.058564602,0.005016504
386,41492.33259,5,0.081483358,844.2635724,0.060044527,0.00514694
387,41609.5077,5,0.059214518,802.9094888,0.024853086,0.002095064
388,39732.3004,5,0.067657751,782.3638565,0.038361132,0.003254384
389,40354.66749,5,0.087849579,833.4911193,0.069850379,0.006015983
390,40265.68825,5,0.080269965,816.9633082,0.058162869,0.004981129
391,36141.14454,5,0.082891473,737.8235733,0.062223045,0.005339291
392,40803.03186,5,0.082183612,831.6090298,0.061128585,0.005242605
393,34712.83829,5,0.073558743,693.1990988,0.047681529,0.004063038
394,34167.88993,5,0.077421146,688.5923011,0.053729032,0.004591619
395,45224.65258,5,0.080202961,917.4322349,0.058058844,0.004971971
396,42513.9944,5,0.088313688,879.0452339,0.070560896,0.006079278
397,37303.34286,5,0.086606046,768.2259273,0.067943717,0.00584635
398,40313.05013,5,0.074474203,806.7839543,0.049118674,0.004188372
399,35075.3708,5,0.078480682,708.6543817,0.055380705,0.004736522
400,40357.5819,5,0.082939764,823.9960432,0.062297659,0.005345886
401,43412.68285,5,0.074025245,867.8916278,0.048414165,0.00412691
402,40771.19354,5,0.081822849,830.2542014,0.060570259,0.005193322
403,39163.47502,5,0.077578639,789.5634703,0.053974741,0.004613161
404,42638.17765,5,0.077810085,860.0866893,0.054335698,0.004644815
405,36599.28337,5,0.075680082,734.5579231,0.051008151,0.004353419
406,42149.8974,5,0.082622549,859.9480189,0.06180741,0.005302561
407,34603.44938,5,0.087748767,714.5358433,0.069695965,0.006002233
408,38592.9248,5,0.080360105,783.1906424,0.058302793,0.004993449
409,49868.80435,5,0.075830309,1001.237329,0.051243254,0.004373976
410,41679.44858,5,0.082566537,850.2377189,0.061720816,0.00529491
411,40556.3111,5,0.086865182,835.725386,0.068341389,0.005881704
412,50142.30784,5,0.080311195,1017.452152,0.058226872,0.004986764
413,34318.39737,5,0.076658613,690.3783496,0.05253841,0.004487309
414,42923.48554,5,0.086178241,883.0805327,0.067286801,0.005787978
415,38511.34257,5,0.075302475,772.2419668,0.050416921,0.004301742
416,43233.02625,5,0.074999487,866.3001039,0.049942235,0.004260273
417,43799.84208,5,0.079007683,886.0242411,0.056201065,0.004808579
418,41531.34382,5,0.078730834,839.5855406,0.055770202,0.004770726
419,40514.80874,5,0.080465745,822.3976023,0.058466749,0.005007886
420,41836.31211,5,0.071819928,832.0060869,0.044945347,0.003824892
421,40169.02118,5,0.085709169,825.5026115,0.066565941,0.005723968
422,44096.40682,5,0.067997764,869.0021142,0.038900844,0.003301014
423,40039.50693,5,0.081977818,815.6520752,0.060810138,0.005214492
424,45204.5118,5,0.061396346,876.8679164,0.028363305,0.002394904
425,40245.63642,5,0.083589213,822.9670762,0.063300502,0.005434575
426,40211.58049,5,0.078768883,812.9786851,0.055829432,0.004775929
427,41878.78576,5,0.071404116,832.0272786,0.044289768,0.003767927
428,36422.71171,5,0.078552191,736.0001233,0.055492066,0.0047463
429,35935.28537,5,0.076136518,722.0117324,0.051722274,0.004415876
430,44475.51161,5,0.094147544,932.2168156,0.079442141,0.006874216
431,43192.70779,5,0.077682612,871.0098695,0.054136912,0.004627381
432,41286.66847,5,0.078671503,834.5222377,0.055677837,0.004762614
433,41126.75366,5,0.082362659,838.5603661,0.061405549,0.005267062
434,37434.82983,5,0.085596983,769.1103958,0.066393446,0.005708658
435,44658.62811,5,0.073484863,891.6554004,0.047565443,0.004052921
436,41181.37251,5,0.070004189,815.4486726,0.042079025,0.00357609
437,36489.55398,5,0.074930931,731.0560487,0.049834794,0.00425089
438,39329.59095,5,0.088048136,812.6969651,0.070154427,0.006043063
439,40787.04911,5,0.08330631,833.4832938,0.062863802,0.005395944
440,41593.49643,5,0.068961764,821.5651834,0.040429245,0.003433195
441,33976.31137,5,0.081843169,691.9180794,0.060601718,0.005196098
442,34865.3094,5,0.082842698,711.695608,0.062147675,0.005332629
443,40587.84831,5,0.071148074,805.8883554,0.043885843,0.003732846
444,32726.63365,5,0.080915463,665.0128937,0.059164375,0.005069344
445,37343.47695,5,0.07899879,755.4029665,0.056187228,0.004807363
446,37587.02452,5,0.073074323,749.7320946,0.046920104,0.003996704
447,40255.84406,5,0.074246782,805.2044432,0.048761873,0.004157239
448,41490.4615,5,0.079015834,839.3240899,0.056213748,0.004809693
449,41580.66323,5,0.072688344,828.6311265,0.04631294,0.003943843
450,44782.44758,5,0.075595463,898.6160945,0.050875695,0.004341839
451,45305.92991,5,0.08781192,935.6726496,0.069792699,0.006010847
452,42753.40661,5,0.069769154,846.1031284,0.041707319,0.003543875
453,43751.04224,5,0.082386821,892.1194697,0.061442918,0.005270363
454,40400.59154,5,0.068318316,796.7785508,0.039409365,0.003344971
455,43264.58793,5,0.079705971,876.6411604,0.057286871,0.00490404
456,36560.65954,5,0.07663722,735.4483665,0.052504984,0.004484382
457,41529.55838,5,0.085545871,853.1355012,0.066314846,0.005701683
458,39312.77871,5,0.069633226,777.7600307,0.041492278,0.003525243
459,41397.0136,5,0.085248187,849.8183905,0.065856926,0.005661055
460,42747.22922,5,0.090856305,889.1397638,0.074443042,0.006425899
461,38420.7193,5,0.074986932,769.848539,0.049922559,0.004258555
462,43503.29053,5,0.078295912,878.5462367,0.055092898,0.004711256
463,43702.04126,5,0.076788036,879.4172229,0.052740607,0.004505015
464,45640.9872,5,0.074527345,913.5269852,0.049202027,0.004195646
465,44474.78199,5,0.081759859,905.5387214,0.060472738,0.005184716
466,41143.52437,5,0.077090156,828.5244437,0.053212423,0.004546344
467,36019.0528,5,0.086525226,741.6366183,0.067819652,0.005835323
468,45305.2186,5,0.080673588,920.0876697,0.058789236,0.005036291
469,42828.24835,5,0.085779337,880.2966529,0.066673812,0.005733544
470,37367.27798,5,0.074562476,747.9869348,0.049257126,0.004200456
471,39779.73834,5,0.074821164,796.7663374,0.049662739,0.004235865
472,42086.65349,5,0.092112425,877.9708543,0.076354438,0.006597049
473,39263.46803,5,0.071916286,781.018464,0.045097197,0.003838092
474,37138.68763,5,0.082243166,757.0319939,0.061220718,0.00525074
475,38530.38,5,0.073123235,768.6381099,0.046997015,0.004003402
476,38343.61878,5,0.090597527,797.0628797,0.074048735,0.006390632
477,35604.65863,5,0.083132803,727.2841531,0.06259586,0.005372249
478,38183.66293,5,0.075463764,765.9640424,0.050669504,0.004323816
479,36964.00028,5,0.080566908,750.499928,0.058623727,0.005021712
480,43863.82463,5,0.08098955,891.4789727,0.059279251,0.005079468
481,43622.62642,5,0.076627819,877.4862266,0.052490294,0.004483096
482,43783.18937,5,0.083252215,894.5955405,0.062780274,0.005388556
483,41819.17521,5,0.084995303,857.9749505,0.065467728,0.005626538
484,39661.32351,5,0.08270235,809.3278327,0.061930767,0.00531346
485,44802.55714,5,0.078222829,904.628528,0.054979035,0.004701262
486,44098.6764,5,0.086697463,908.3639327,0.068084026,0.005858822
487,39378.5894,5,0.081089277,800.510233,0.059433855,0.005093095
488,42878.58876,5,0.07383463,856.8264006,0.04811488,0.004100812
489,36978.9436,5,0.086696356,761.7065684,0.068082328,0.005858671
490,42640.64749,5,0.07322215,850.8332682,0.047152532,0.004016947
491,39199.16518,5,0.077468777,790.0776292,0.05380335,0.004598134
492,34272.32814,5,0.079400905,693.9370068,0.056812673,0.004862338
493,39542.30763,5,0.08349813,808.4117533,0.063159927,0.005422138
494,37088.50023,5,0.082443006,756.3648663,0.061529807,0.005278037
495,43421.65749,5,0.068905385,857.5601556,0.040339929,0.003425465
496,41106.11449,5,0.0792182,831.9466199,0.056528552,0.00483736
497,43333.77275,5,0.077067616,872.5838434,0.053177231,0.004543261
498,35316.75151,5,0.069436411,698.3753094,0.04118082,0.003498264
499,37932.9267,5,0.085400124,778.9837999,0.066090677,0.005681791
500,36735.62414,5,0.086335095,756.0536029,0.067527716,0.005809381
501,38885.18412,5,0.077651099,784.0873196,0.054087763,0.004623071
502,42184.10241,5,0.06495807,825.2975532,0.03406418,0.00288399
503,42773.47652,5,0.072772777,852.5729056,0.046445793,0.003955407
504,37184.52928,5,0.074164211,743.62573,0.048632292,0.004145935
505,34306.40849,5,0.076178177,689.3523657,0.051787424,0.004421576
506,38884.27172,5,0.072932327,775.3460937,0.046696785,0.003977258
507,41225.8549,5,0.079000322,833.9407137,0.056189612,0.004807573
508,40746.31492,5,0.083841463,833.6997338,0.063689698,0.005469018
509,42615.43327,5,0.076526747,857.0210032,0.05233235,0.004469268
510,37641.91154,5,0.071574047,748.1535643,0.044557743,0.003791208
511,41480.98201,5,0.067580263,816.6458018,0.038238087,0.003243757
512,35168.73914,5,0.081251902,715.2041871,0.059685913,0.005115316
513,36686.75816,5,0.088835854,759.485641,0.071359593,0.006150482
514,37249.56849,5,0.075814001,747.8466292,0.051217736,0.004371745
515,33818.08528,5,0.079670556,685.1757562,0.057231835,0.004899199
516,42225.41736,5,0.088005884,872.4492562,0.070089736,0.006037301
517,34166.41691,5,0.077265796,688.3095487,0.053486599,0.00457037
518,39483.33144,5,0.080504635,801.5334989,0.058527099,0.005013201
519,38407.71871,5,0.087528291,792.681583,0.069358165,0.005972161
520,43894.83982,5,0.081215596,892.5849213,0.059629648,0.005110355
521,34978.75117,5,0.071604402,695.2720071,0.044605604,0.003795366
522,44889.56014,5,0.080031479,910.2660498,0.057792559,0.004948533
523,40817.30352,5,0.077112116,821.9979185,0.053246707,0.004549348
524,42156.71188,5,0.089632599,874.3524896,0.072576847,0.006259108
525,43431.6781,5,0.071959111,864.019387,0.045164676,0.003843959
526,38093.09163,5,0.077359333,767.5854008,0.053632578,0.004583164
527,39472.19349,5,0.078946557,798.3652059,0.056105952,0.004800222
528,38892.09741,5,0.07458291,778.5472363,0.049289171,0.004203253
529,37656.25079,5,0.075146243,754.8157334,0.050172186,0.00428036
530,40388.77184,5,0.081638374,822.109213,0.060284623,0.005168119
531,32708.31684,5,0.071262194,649.6134447,0.044065899,0.003748482
532,41631.94923,5,0.081527491,847.1925358,0.060112889,0.00515297
533,43520.42691,5,0.081154169,884.8432214,0.059534443,0.005101962
534,30921.94909,5,0.07543259,620.2482708,0.05062069,0.004319549
535,40473.4013,5,0.072544079,806.2887829,0.046085897,0.003924085
536,39466.14298,5,0.082952132,805.8186542,0.062316768,0.005347575
537,40790.09873,5,0.085376099,837.6109177,0.06605372,0.005678512
538,46522.73732,5,0.074214698,930.4850876,0.048711525,0.004152847
539,41225.49069,5,0.089095553,853.9648948,0.071756547,0.006185891
540,35898.61472,5,0.062933158,698.9274795,0.030827576,0.002605994
541,41275.07142,5,0.083698819,844.2352091,0.063469634,0.005449541
542,44000.15307,5,0.066996356,865.0338981,0.037310339,0.003163667
543,44492.83975,5,0.078772445,899.5427282,0.055834976,0.004776416
544,45060.38599,5,0.081030246,915.8855146,0.059342343,0.005085028
545,42249.77815,5,0.069890821,836.3786308,0.041899754,0.003560552
546,38835.05107,5,0.073159537,774.7827735,0.047054094,0.004008373
547,40070.66027,5,0.06752348,788.7734958,0.038147909,0.003235969
548,40382.41809,5,0.076672333,812.3937878,0.052559847,0.004489186
549,36273.04459,5,0.085836288,745.6599302,0.066761354,0.005741316
550,41317.62982,5,0.077124813,832.098728,0.053266529,0.004551085
551,36682.94372,5,0.077797253,739.936739,0.054315691,0.004643061
552,41856.49658,5,0.073825534,836.3842621,0.048100596,0.004099567
553,46580.55384,5,0.081149899,947.0511957,0.059527824,0.005101378
554,35998.23517,5,0.084050233,736.9121886,0.064011678,0.005497523
555,33135.5542,5,0.075534086,664.8098198,0.050779608,0.004333439
556,40635.67012,5,0.080086719,824.1135268,0.057878347,0.004956084
557,47598.85499,5,0.072694925,948.578177,0.046323295,0.003944745
558,41602.31597,5,0.092579033,868.8122628,0.077063371,0.006660611
559,35372.51797,5,0.074262391,707.5535092,0.048786367,0.004159376
560,45608.14349,5,0.09102634,949.0234703,0.074702028,0.00644907
561,42784.21453,5,0.086014754,879.8776258,0.067035626,0.00576567
562,38478.91806,5,0.073415495,768.144581,0.047456436,0.004043423
563,46844.63696,5,0.080819196,951.677957,0.059015089,0.005056189
564,44640.50449,5,0.076188636,897.0277317,0.051803779,0.004423007
565,38617.43379,5,0.076067053,775.7737821,0.051613629,0.004406371
566,38016.03367,5,0.078886198,768.8032462,0.056012023,0.004791969
567,36337.01656,5,0.084170561,744.0577784,0.064197201,0.005513951
568,49092.24,5,0.090035127,1019.157853,0.073191166,0.006313979
569,40097.91394,5,0.080681767,814.3500693,0.058801923,0.005037408
570,35726.17522,5,0.089402681,740.5813711,0.07222576,0.006227764
571,40627.87324,5,0.083347054,830.3101293,0.06292671,0.005401508
572,42524.38999,5,0.085905516,874.3100255,0.066867757,0.005750763
573,37503.25445,5,0.079458179,759.4586614,0.056901721,0.004870167
574,42006.72788,5,0.077047582,845.8219014,0.053145951,0.00454052
575,43679.63143,5,0.067043346,858.8289316,0.037385037,0.003170113
576,37007.42452,5,0.081124405,752.370167,0.059488309,0.005097895
577,41762.51165,5,0.090634546,868.2077578,0.074105153,0.006395677
578,39203.52748,5,0.091230673,816.1443126,0.075013153,0.006476914
579,42471.70245,5,0.076400604,853.8753743,0.052135187,0.004452009
580,41241.59725,5,0.07102019,818.6195854,0.043684028,0.003715323
581,37131.9948,5,0.085296676,762.3507833,0.065931532,0.005667673
582,36422.05018,5,0.081271517,740.7262255,0.05971631,0.005117996
583,45899.09928,5,0.084212295,939.9487363,0.064261538,0.005519649
584,36865.84397,5,0.078909026,745.5830229,0.056047549,0.00479509
585,37092.17354,5,0.074733034,742.7805993,0.049524575,0.004223802
586,41498.45485,5,0.078522262,838.5072367,0.055445459,0.004742207
587,45028.9294,5,0.068968092,889.4361409,0.040439269,0.003434063
588,38094.74436,5,0.078234691,769.2096437,0.054997517,0.004702884
589,35364.6233,5,0.079644648,716.4657661,0.057191572,0.004895658
590,38304.68801,5,0.067063578,753.1831991,0.037417195,0.003172888
591,37118.74201,5,0.073782534,741.6378562,0.048033066,0.004093679
592,43385.78859,5,0.082714853,885.3552222,0.061950093,0.005315168
593,34723.69778,5,0.092834714,725.5934397,0.077451585,0.006695437
594,41326.49045,5,0.078354062,834.7006332,0.055183486,0.004719207
595,51958.18179,5,0.075213011,1041.661388,0.050276786,0.004289498
596,37554.43533,5,0.085911713,772.1379872,0.066877281,0.005751609
597,34150.49369,5,0.091435854,711.2902763,0.075325454,0.006504872
598,41527.55874,5,0.072700121,827.5960087,0.046331471,0.003945456
599,39137.99576,5,0.072411797,779.4404347,0.045877661,0.003905967
600,38072.38324,5,0.076383085,765.3971887,0.052107801,0.004449612
601,40576.75418,5,0.078883278,820.5833716,0.056007478,0.00479157
602,39782.67646,5,0.072263196,791.999513,0.045643676,0.003885612
603,30486.95084,5,0.088375433,630.4579079,0.070655379,0.006087699
604,37556.32519,5,0.078186551,758.2515676,0.054922508,0.0046963
605,40506.258,5,0.079017685,819.4178988,0.056216627,0.004809946
606,40591.20116,5,0.073699594,810.8584004,0.047902797,0.004082323
607,45734.03676,5,0.090358021,950.1582475,0.073683632,0.00635799
608,41806.42631,5,0.068872293,825.5948276,0.040287502,0.003420929
609,32376.71275,5,0.086998887,667.3813399,0.068546503,0.005899944
610,38169.4782,5,0.076069706,766.7797582,0.051617778,0.004406734
611,40972.25716,5,0.082594339,835.8661193,0.061763798,0.005298708
612,39359.46099,5,0.078984433,796.1563187,0.056164889,0.0048054
613,37873.43804,5,0.074735501,758.4300655,0.049528443,0.00422414
614,38673.60562,5,0.069052286,764.0556986,0.04057263,0.003445605
615,40188.1017,5,0.086869729,828.1466937,0.068348366,0.005882324
616,37940.41774,5,0.084381268,777.2748552,0.064521977,0.005542718
617,39389.30489,5,0.071203842,782.1945989,0.043973836,0.003740487
618,36924.92108,5,0.083146052,754.2762186,0.062616323,0.005374058
619,42026.93617,5,0.082772891,857.7428878,0.062039794,0.005323095
620,37080.43489,5,0.098768142,785.6040045,0.086411123,0.007502929
621,42576.28481,5,0.072150809,847.3886128,0.045466672,0.003870218
622,46945.87063,5,0.075666848,942.1872922,0.050987438,0.004351608
623,37113.11271,5,0.083747966,759.1947742,0.063545463,0.005456252
624,37926.11651,5,0.062047021,736.8334636,0.029407487,0.002484289
625,43383.1483,5,0.075652404,870.6548879,0.050964828,0.004349631
626,38999.12091,5,0.077734161,786.5392843,0.054217306,0.004634432
627,49506.26792,5,0.078806141,1000.982395,0.055887424,0.004781023
628,40986.20674,5,0.093356438,857.4983558,0.078243197,0.006766492
629,39832.63784,5,0.055679166,762.0989856,0.019136062,0.001608832
630,48584.116,5,0.072430867,967.6055327,0.045907683,0.003908578
631,47346.75572,5,0.082560137,965.8330992,0.061710921,0.005294036
632,39739.34257,5,0.073439909,793.3521048,0.047494802,0.004046766
633,42223.22147,5,0.076788536,849.6599028,0.052741388,0.004505083
634,36977.35027,5,0.077517909,745.382542,0.053880002,0.004604854
635,36911.23696,5,0.073543555,737.0735034,0.047657665,0.004060958
636,36439.46017,5,0.080417058,739.5883988,0.058391189,0.005001232
637,36543.88233,5,0.087143613,753.5348679,0.068768467,0.005919687
638,44456.20735,5,0.081182044,903.9286119,0.059577648,0.005105771
639,40390.57241,5,0.075798807,810.8782767,0.05119396,0.004369665
640,36401.41574,5,0.081877895,741.3653069,0.060655474,0.005200842
641,38925.4785,5,0.075484961,780.8840939,0.050702695,0.004326717
642,44317.3549,5,0.069857805,877.2394571,0.041847537,0.003556026
643,42678.4295,5,0.071548351,848.2052561,0.044517227,0.003787687
644,45032.89707,5,0.079666237,912.3856202,0.057225124,0.004898609
645,39268.64564,5,0.083623954,803.0546013,0.063354114,0.005439319
646,35587.08085,5,0.074336569,711.9707085,0.048902757,0.004169531
647,42081.40135,5,0.085978873,865.3510652,0.06698049,0.005760773
648,44491.64255,5,0.072163999,885.5374296,0.045487449,0.003872025
649,43779.37788,5,0.091103844,911.135067,0.074820053,0.006459632
650,41078.31102,5,0.060962202,795.9980251,0.027665928,0.002335256
651,38690.43782,5,0.079981466,784.4682541,0.057714881,0.004941697
652,44313.51246,5,0.078069043,894.4287166,0.054739387,0.004680231
653,39568.12971,5,0.072148967,787.5143605,0.045463771,0.003869966
654,33394.10509,5,0.082473167,681.0715367,0.061576448,0.005282157
655,39111.66438,5,0.061087582,758.1175482,0.027867385,0.002352483
656,34312.46605,5,0.075169609,687.8280153,0.050208794,0.004283558
657,41393.76006,5,0.081316263,841.9261947,0.059785647,0.00512411
658,41276.92708,5,0.076802912,830.6458463,0.052763845,0.00450705
659,42135.33444,5,0.074447459,843.1997715,0.049076722,0.004184711
660,41366.31324,5,0.08814907,854.9853965,0.070308945,0.006056829
661,44336.30651,5,0.091655236,923.9145915,0.075659244,0.006534763
662,37575.20501,5,0.073611264,750.4528093,0.047764042,0.004070229
663,40704.85921,5,0.06646742,799.2380901,0.036469097,0.003091106
664,39654.33399,5,0.075132399,794.8410165,0.050150497,0.004278465
665,38407.00613,5,0.084239334,786.5712461,0.064303219,0.005523341
666,36629.839,5,0.077047723,737.5563858,0.053146171,0.00454054
667,42870.1771,5,0.078993172,867.1883757,0.056178486,0.004806595
668,41575.6716,5,0.077052346,837.1518541,0.05315339,0.004541172
669,44020.13278,5,0.06592199,863.2067638,0.035600787,0.003016271
670,41723.89704,5,0.071224237,828.5952559,0.044006016,0.003743281
671,41513.11108,5,0.086191776,854.0915099,0.067307592,0.005789825
672,35202.27208,5,0.069202747,695.7238227,0.040810907,0.003466233
673,35462.34316,5,0.085445558,728.3260387,0.066160565,0.005687992
674,35980.2778,5,0.082070069,733.120088,0.060952903,0.005227095
675,38852.43796,5,0.076076087,780.5114124,0.051627759,0.004407607
676,39391.45271,5,0.085764917,809.6289622,0.066651646,0.005731576
677,44142.76199,5,0.075148774,884.8425044,0.050176152,0.004280706
678,41488.96273,5,0.07672068,834.7502633,0.052635383,0.0044958
679,38733.71153,5,0.07200925,770.6510575,0.045243675,0.003850827
680,37855.60089,5,0.083816786,774.5086376,0.063651631,0.005465649
681,36629.30451,5,0.078428938,739.9591752,0.055300115,0.004729446
682,42022.84728,5,0.077838317,847.7310035,0.054379719,0.004648677
683,28601.99124,5,0.085837013,587.9681553,0.066762469,0.005741415
684,40047.77096,5,0.076789457,805.8849651,0.052742826,0.004505209
685,47233.48911,5,0.078167676,953.5882088,0.054893096,0.004693719
686,37499.21067,5,0.080351904,760.9804836,0.058290063,0.004992328
687,42186.41387,5,0.079343623,854.063767,0.056723605,0.004854507
688,38222.13163,5,0.079787779,774.6188638,0.05741399,0.004915223
689,40692.90091,5,0.077594198,820.4279794,0.05399901,0.004615289
690,37243.45674,5,0.076542889,749.0160803,0.052357577,0.004471476
691,41696.47205,5,0.067939564,821.5927548,0.038808484,0.003293033
692,39817.68291,5,0.072601446,793.3340917,0.046176187,0.003931942
693,45754.90114,5,0.075952719,918.9072239,0.051434779,0.004390727
694,36334.13697,5,0.072659973,724.0280563,0.046268294,0.003939958
695,35646.68582,5,0.075116466,714.4837582,0.050125534,0.004276284
696,36766.30928,5,0.072171827,731.7902224,0.045499777,0.003873097
697,33456.2223,5,0.08386843,684.5824624,0.063731296,0.0054727
698,40744.87918,5,0.065188962,797.5810263,0.034432493,0.002915679
699,38572.59613,5,0.084163151,789.82104,0.064185777,0.005512939
700,37655.91337,5,0.071169334,747.7114205,0.04391939,0.003735759
701,44065.80249,5,0.069159952,870.8102749,0.040743142,0.003460366
702,37773.31297,5,0.079380873,764.787837,0.056781527,0.004859599
703,39337.96936,5,0.081008219,799.5316561,0.059308195,0.005082019
704,43490.15711,5,0.08616473,894.7105071,0.067266046,0.005786135
705,37429.42298,5,0.083399563,765.038044,0.063007775,0.005408678
706,40915.92387,5,0.085519536,840.4777291,0.066274347,0.005698089
707,39117.41363,5,0.082332738,797.5344137,0.061359272,0.005262975
708,39012.17942,5,0.07916604,789.4701951,0.056447421,0.004830229
709,45251.55343,5,0.079006934,915.3891987,0.0561999,0.004808477
710,34854.61176,5,0.07878208,704.6960039,0.055849973,0.004777733
711,42626.02501,5,0.081281919,866.9195923,0.059732429,0.005119417
712,35587.38703,5,0.090701011,739.9469742,0.074206439,0.006404735
713,38206.1427,5,0.07866794,772.2494542,0.05567229,0.004762127
714,38197.99956,5,0.08201353,778.2038636,0.060865408,0.005219371
715,39089.37178,5,0.075485931,784.1737604,0.050704213,0.004326849
716,39960.93311,5,0.076489589,803.566759,0.052274277,0.004464184
717,41328.77512,5,0.067573594,813.6363104,0.038227496,0.003242842
718,38195.50454,5,0.080094933,774.6406569,0.057891103,0.004957206
719,38334.60552,5,0.086395958,789.0748036,0.067621178,0.005817685
720,40844.66061,5,0.068311711,805.5237618,0.039398889,0.003344066
721,41375.05293,5,0.07314104,825.421075,0.04702501,0.00400584
722,41005.11596,5,0.076564011,824.7093628,0.052390586,0.004474366
723,40099.71328,5,0.086034899,824.7085754,0.06706658,0.005768419
724,41226.48295,5,0.083111852,842.0777123,0.062563501,0.005369388
725,42426.84001,5,0.0909342,882.63628,0.074561696,0.006436514
726,42401.49337,5,0.073887132,847.3984006,0.048197324,0.004108001
727,37177.2758,5,0.077603401,749.5641912,0.054013366,0.004616547
728,38001.2074,5,0.070691784,753.7103732,0.043165556,0.003670323
729,37501.43547,5,0.08095768,762.1138608,0.059229837,0.005075113
730,45360.85222,5,0.070817439,899.9496985,0.043363969,0.003687541
731,36068.50037,5,0.07344567,720.0776446,0.047503855,0.004047555
732,45375.58813,5,0.076757825,913.0287389,0.052693412,0.004500881
733,38712.50414,5,0.093577165,810.3454879,0.078577885,0.00679655
734,41059.45211,5,0.070314835,813.6363977,0.04257007,0.003618665
735,40891.12513,5,0.087581906,844.041659,0.069440323,0.005979474
736,38722.27614,5,0.075339151,776.5391928,0.050474364,0.004306762
737,37241.17329,5,0.075446697,747.0274833,0.050642781,0.00432148
738,34562.34458,5,0.076872736,695.638362,0.052872907,0.004516602
739,39748.03752,5,0.090722808,826.4989477,0.074239651,0.006407706
740,41238.43607,5,0.066210242,809.2171158,0.036059783,0.003055822
741,36021.53101,5,0.082870266,735.3449462,0.062190274,0.005336394
742,45828.57502,5,0.075343469,919.0588063,0.050481125,0.004307352
743,43262.43107,5,0.06351517,843.4735216,0.03175906,0.002685913
744,37920.62125,5,0.084348165,776.8088423,0.06447096,0.005538198
745,37551.52005,5,0.074125307,750.8955674,0.048571231,0.004140609
746,36251.74668,5,0.081501471,737.6624528,0.060072585,0.005149415
747,44506.62749,5,0.081868759,906.4196707,0.060641331,0.005199594
748,43352.91205,5,0.078135747,875.1778807,0.054843341,0.004689353
749,38037.23094,5,0.067906324,749.4311152,0.038755731,0.003288474
750,34523.29158,5,0.079786167,699.6546245,0.057411486,0.004915002
751,36304.09621,5,0.073356722,724.6280218,0.047364067,0.004035375
752,36130.41829,5,0.073146083,720.8006734,0.047032939,0.004006531
753,43741.98722,5,0.06772054,861.4472575,0.038460823,0.003262996
754,39627.11126,5,0.089409342,821.4581459,0.072235932,0.006228672
755,43912.0639,5,0.068965895,867.3706564,0.040435789,0.003433762
756,35826.17329,5,0.075900334,719.4167769,0.051352822,0.004383558
757,39382.89528,5,0.068142025,776.3808642,0.039129735,0.003320797
758,38610.39519,5,0.071077656,766.4967323,0.043774722,0.003723197
759,40270.19941,5,0.074543899,806.0596628,0.04922799,0.004197913
760,39319.53652,5,0.071520787,781.398256,0.044473763,0.003783911
761,45053.39033,5,0.077846762,908.8845977,0.054392886,0.004649832
762,40118.41695,5,0.072640559,799.4002784,0.046237743,0.003937299
763,37103.7878,5,0.077242393,747.4438183,0.053450072,0.004567169
764,40161.68474,5,0.076508472,807.6397497,0.052303789,0.004466768
765,39390.47547,5,0.086274264,810.5772376,0.067434293,0.005801081
766,36189.39653,5,0.081748249,736.822124,0.060454762,0.00518313
767,43108.13329,5,0.078019265,869.9968019,0.054661803,0.004673423
768,45890.66393,5,0.086568299,944.9897485,0.067885774,0.005841199
769,38099.33338,5,0.083990281,779.813387,0.063919229,0.005489338
770,49288.38287,5,0.075514902,988.8445143,0.050749574,0.004330814
771,38265.2592,5,0.070211021,758.0790213,0.042405999,0.003604437
772,39320.36205,5,0.070696591,779.8832191,0.043173147,0.003670981
773,38283.99414,5,0.085846355,787.0173368,0.066776827,0.00574269
774,39023.6931,5,0.080730928,792.625583,0.058878183,0.005044127
775,32673.50701,5,0.086392272,672.541634,0.067615519,0.005817182
776,40248.69462,5,0.073923574,804.4440756,0.048254543,0.00411299
777,40242.97533,5,0.077844274,811.8369111,0.054389007,0.004649491
778,35344.57883,5,0.071265614,701.9774377,0.044071293,0.00374895
779,43483.36375,5,0.089977531,902.5956932,0.073103293,0.006306128
780,35981.39919,5,0.081973529,732.9762178,0.060803499,0.005213906
781,39002.83853,5,0.072906564,777.662691,0.046656263,0.00397373
782,36691.13312,5,0.067222364,721.7296908,0.037669551,0.003194668
783,43645.75406,5,0.086173352,897.9297252,0.067279291,0.005787311
784,38041.115,5,0.077586195,766.9496041,0.053986527,0.004614194
785,43193.59867,5,0.078693525,873.1122169,0.055712122,0.004765625
786,38420.61581,5,0.064388741,750.643922,0.033155354,0.002805844
787,34186.97151,5,0.075929156,686.5472433,0.051397915,0.004387502
788,44726.49841,5,0.089268825,926.8621707,0.072021293,0.006209515
789,37997.73273,5,0.073325824,758.3772664,0.047315502,0.004031144
790,36736.69389,5,0.084139418,752.1867276,0.064149188,0.005509699
791,39631.37839,5,0.088957139,820.6778038,0.071545001,0.006167019
792,44931.4728,5,0.074523949,899.3184562,0.0491967,0.004195182
793,38790.19669,5,0.076417837,779.8921085,0.052162125,0.004454367
794,37070.61625,5,0.081550913,754.4129859,0.060149167,0.00515617
795,32654.75765,5,0.087109971,673.2880114,0.068716876,0.005915098
796,40453.79934,5,0.078518855,817.3926112,0.055440154,0.004741742
797,38927.80046,5,0.067752943,766.6967991,0.038512265,0.003267439
798,44650.21643,5,0.073740779,892.0293708,0.047967486,0.004087962
799,41867.40034,5,0.077340847,843.6017713,0.05360373,0.004580636
800,36713.78469,5,0.085506582,754.1362118,0.066254423,0.005696321
801,40908.17402,5,0.077386135,824.362299,0.053674402,0.00458683
802,45950.44228,5,0.075700879,922.2837714,0.051040702,0.004356265
803,45191.11034,5,0.071094159,897.1728695,0.043800765,0.003725458
804,45735.6092,5,0.080476625,928.3968491,0.058483632,0.005009373
805,39187.20512,5,0.077412602,789.7315956,0.0537157,0.00459045
806,39561.21605,5,0.073273886,789.4846254,0.047233862,0.004024032
807,46901.99335,5,0.08299904,957.7493827,0.062389237,0.005353981
808,38613.6323,5,0.084198569,790.7271441,0.064240378,0.005517775
809,37224.79052,5,0.088168935,769.421557,0.070339354,0.006059538
810,41028.78636,5,0.080917925,833.7194321,0.059168194,0.00506968
811,39822.14161,5,0.074488416,796.9862914,0.049140967,0.004190318
812,36516.5951,5,0.084473153,748.2669777,0.064663565,0.005555261
813,39588.45981,5,0.080691899,804.0227607,0.05881764,0.005038793
814,39689.22032,5,0.071152047,788.0531814,0.043892113,0.00373339
815,41722.79133,5,0.078859365,843.7119994,0.055970263,0.0047883
816,38188.79769,5,0.093867067,799.9231382,0.079017264,0.006836026
817,43827.19467,5,0.081116155,891.0004615,0.05947552,0.005096767
818,41008.07434,5,0.073186866,818.189019,0.047097061,0.004012116
819,44456.69479,5,0.07796813,897.1046204,0.054582096,0.00466643
820,47448.05276,5,0.069098562,937.5116594,0.040645922,0.00345195
821,38726.54008,5,0.084537089,793.670542,0.064762074,0.00556399
822,44718.52701,5,0.088537131,925.1113792,0.070902762,0.006109749
823,39027.44609,5,0.095437784,820.4842181,0.081393913,0.007049856
824,42629.94846,5,0.079608612,863.5833538,0.057135564,0.004890732
825,35316.02746,5,0.081833011,719.1838096,0.060585992,0.00519471
826,38430.09005,5,0.070025152,761.0074485,0.04211217,0.003578963
827,39782.77911,5,0.082546919,811.5092244,0.061690485,0.005292231
828,39641.87179,5,0.073575768,791.66159,0.047708276,0.004065369
829,40138.6808,5,0.06832811,791.6316614,0.039424897,0.003346314
830,34034.5748,5,0.077366683,685.8171904,0.053644047,0.00458417
831,43002.40941,5,0.076157562,864.0474573,0.051755185,0.004418756
832,38253.68766,5,0.082682045,780.5663414,0.061899381,0.005310687
833,38064.48414,5,0.063654611,742.3789464,0.031982086,0.002705059
834,49051.57154,5,0.083094668,1001.869716,0.062536959,0.005367041
835,47849.10783,5,0.06672963,940.1041346,0.036886227,0.003127078
836,45144.15944,5,0.08078034,917.0476528,0.058954825,0.005050879
837,43246.85436,5,0.072253861,860.945779,0.045628975,0.003884334
838,35223.42062,5,0.076468415,708.2655095,0.052241182,0.004461287
839,32134.69415,5,0.065823315,629.9921702,0.035443609,0.003002731
840,41279.69449,5,0.0772444,831.5700582,0.053453204,0.004567443
841,36484.77681,5,0.070253562,722.8788602,0.042473236,0.003610268
842,35612.42288,5,0.086887402,733.8871764,0.068375479,0.005884735
843,43574.58542,5,0.078516844,880.4457296,0.055437022,0.004741467
844,41559.85267,5,0.069601686,822.1541043,0.041442374,0.00352092
845,39523.00353,5,0.075156881,792.2545869,0.050188853,0.004281816
846,36813.15565,5,0.0728631,733.9276361,0.046587891,0.003967777
847,39864.65322,5,0.0700215,789.4083511,0.042106395,0.003578463
848,39277.62331,5,0.078725643,794.0152428,0.055762121,0.004770017
849,40815.60707,5,0.068430308,805.1786226,0.039586959,0.003360328
850,41351.12823,5,0.083291638,844.9810775,0.062841147,0.00539394
851,41012.26927,5,0.081151607,833.8431352,0.059530471,0.005101611
852,38265.23355,5,0.067534881,753.2549668,0.038166016,0.003237533
853,37876.60562,5,0.073174031,755.6872261,0.047076882,0.004010358
854,39968.53912,5,0.07114674,793.5891984,0.043883738,0.003732663
855,45459.99122,5,0.076065498,913.2284551,0.051611197,0.004406159
856,33519.69345,5,0.077218987,675.2059954,0.053413539,0.004563967
857,41524.78224,5,0.08760422,857.1659189,0.069474515,0.005982518
858,42210.63498,5,0.074326141,844.4635326,0.048886396,0.004168103
859,42703.6148,5,0.090086524,886.6361406,0.073269574,0.006320984
860,32090.49536,5,0.064706597,627.4464645,0.033662865,0.002849475
861,45294.52313,5,0.068101238,892.8337366,0.039065025,0.003315204
862,43621.78037,5,0.076208834,876.5989399,0.051835364,0.004425771
863,35584.20097,5,0.091702065,741.6124402,0.075730477,0.006541143
864,42073.51356,5,0.072961324,838.9968654,0.046742394,0.003981229
865,41620.30964,5,0.072000455,828.0658746,0.045229817,0.003849622
866,39345.89124,5,0.07722853,792.5842659,0.053428435,0.004565272
867,34571.57988,5,0.08113099,702.8597503,0.059498515,0.005098794
868,38669.65415,5,0.063112178,753.2015071,0.031114192,0.002630577
869,40196.58011,5,0.084055116,822.8650586,0.064019207,0.00549819
870,40627.77297,5,0.079482916,822.7797034,0.056940178,0.004873549
871,45079.49099,5,0.078086502,909.9268754,0.054766598,0.004682618
872,45892.98772,5,0.09467297,963.1048804,0.080237505,0.006945749
873,38750.37684,5,0.075025197,776.5244585,0.049982525,0.004263792
874,39674.85386,5,0.073940406,793.0065005,0.048280972,0.004115294
875,47985.68853,5,0.067567664,944.6770572,0.038218079,0.003242029
876,35900.04616,5,0.070639171,711.947049,0.043082464,0.003663113
877,41113.8983,5,0.076624317,827.0153198,0.052484822,0.004482617
878,41508.83494,5,0.088251525,858.1370139,0.070465764,0.006070801
879,45089.30603,5,0.079285342,912.7071632,0.056632974,0.004846539
880,39722.67776,5,0.076407852,798.6211208,0.052146517,0.004453001
881,36438.69473,5,0.080167938,739.1382432,0.058004465,0.004967185
882,45659.21479,5,0.068436949,900.7438314,0.039597489,0.003361238
883,38890.60942,5,0.075558075,780.3198045,0.050817164,0.004336722
884,40434.78055,5,0.073523235,807.395516,0.047625737,0.004058176
885,39548.6439,5,0.088541102,818.1673925,0.070908836,0.00611029
886,35304.91665,5,0.077344309,711.3776819,0.053609132,0.004581109
887,43951.47566,5,0.076414553,883.654772,0.052156991,0.004453918
888,37067.4359,5,0.07200944,737.4989497,0.045243974,0.003850853
889,36602.20919,5,0.082516557,746.5769764,0.06164354,0.005288084
890,32150.10629,5,0.085927657,661.0470147,0.066901784,0.005753784
891,42253.94292,5,0.088606303,874.2670399,0.071008567,0.006119181
892,41764.29358,5,0.082654009,852.1439921,0.061856043,0.005306858
893,38245.53351,5,0.082678486,780.3934166,0.061893879,0.005310201
894,43157.95552,5,0.087786722,891.2593722,0.069754103,0.00600741
895,43200.91263,5,0.074418026,864.4634307,0.04903055,0.004180682
896,36231.09769,5,0.082456123,738.9022387,0.061550091,0.005279829
897,41222.80973,5,0.080489261,836.81552,0.058503242,0.0050111
898,36090.9812,5,0.074994802,723.1803118,0.049934894,0.004259632
899,36367.63232,5,0.079900974,737.2321105,0.057589851,0.004930695
900,34696.28036,5,0.072014543,690.33048,0.045252012,0.003851552
901,40553.4036,5,0.08189166,825.9530839,0.060676781,0.005202722
902,39193.83899,5,0.068726521,773.7322676,0.040056516,0.003400943
903,40966.84682,5,0.075263206,821.4040593,0.050355414,0.004296368
904,42112.47929,5,0.075143312,844.134516,0.050167595,0.004279959
905,38310.75973,5,0.067810716,754.6480557,0.038603978,0.003275363
906,42825.63427,5,0.082884281,874.2730198,0.062211931,0.005338308
907,37578.49849,5,0.084068077,769.293698,0.064039193,0.005499959
908,40775.47554,5,0.08375288,834.12259,0.063553044,0.005456923
909,33465.32103,5,0.085503196,687.4041991,0.066249215,0.005695859
910,30903.32307,5,0.072902486,616.163577,0.046649848,0.003973171
911,41628.70371,5,0.072188569,828.6034611,0.045526147,0.00387539
912,40378.88509,5,0.076089795,811.2027401,0.051649199,0.004409483
913,42450.75096,5,0.088574025,878.2727808,0.070959196,0.00611478
914,43815.68583,5,0.0652484,857.8140916,0.034527281,0.002923837
915,43546.99794,5,0.069075347,860.3842684,0.040609155,0.003448767
916,42669.26215,5,0.070883758,846.6827946,0.043468672,0.003696629
917,42814.75392,5,0.08252517,873.3122526,0.061656857,0.00528926
918,40806.94478,5,0.087947545,843.0259745,0.070000407,0.006029344
919,38925.76908,5,0.074040774,778.2194551,0.048438543,0.004129036
920,38620.04198,5,0.076992305,777.5279183,0.053059639,0.004532959
921,36412.46885,5,0.073657522,727.3105012,0.04783671,0.004076563
922,43001.76957,5,0.074562785,860.7741084,0.04925761,0.004200498
923,36284.92365,5,0.071432376,720.9396331,0.044334338,0.003771798
924,41513.12217,5,0.081055084,843.8341872,0.05938085,0.005088422
925,38369.26724,5,0.078991772,776.1403089,0.056176308,0.004806404
926,44275.18834,5,0.080313047,898.4046517,0.058229748,0.004987017
927,38238.58588,5,0.079605416,774.6187426,0.057130597,0.004890295
928,44457.14069,5,0.078410916,898.053301,0.055272046,0.004726982
929,42568.54644,5,0.077627176,858.3106751,0.05405045,0.004619799
930,46180.10903,5,0.078905043,933.9479994,0.05604135,0.004794546
931,41027.81467,5,0.079768856,831.4423634,0.057384588,0.004912636
932,37250.05424,5,0.074161953,744.9321231,0.048628749,0.004145626
933,38595.1624,5,0.074280877,772.0496623,0.048815373,0.004161906
934,41393.41136,5,0.086636642,852.5180725,0.067990679,0.005850524
935,32617.31046,5,0.082458027,665.2051222,0.061553035,0.005280089
936,39768.52008,5,0.082206839,810.5689272,0.061164519,0.005245778
937,41641.14673,5,0.086609066,857.5648379,0.067948352,0.005846762
938,39918.27526,5,0.074042552,798.0654002,0.048441333,0.004129279
939,30238.85131,5,0.072696924,602.6206039,0.046326441,0.003945019
940,40228.97849,5,0.085481633,826.2932438,0.066216051,0.005692916
941,37911.43808,5,0.081933159,772.2195462,0.060741017,0.005208392
942,38692.3063,5,0.079459107,783.5392413,0.056903164,0.004870294
943,40894.77035,5,0.078168271,825.618145,0.054894023,0.004693801
944,43397.82629,5,0.065125872,849.3841914,0.034331869,0.002907021
945,41558.66059,5,0.073690776,830.1671933,0.047888947,0.004081116
946,47917.87472,5,0.058815962,923.7508776,0.02421039,0.002040272
947,33227.35247,5,0.069429891,657.0480266,0.0411705,0.003497371
948,38131.16021,5,0.082419508,777.5853392,0.061493469,0.005274828
949,33610.26561,5,0.072350148,669.256569,0.045780596,0.003897522
950,36367.93151,5,0.081907539,740.735087,0.06070136,0.005204892
951,40753.20029,5,0.080299567,826.9123518,0.058208822,0.004985175
952,40664.11985,5,0.087636452,839.4632907,0.069523899,0.005986914
953,39561.656,5,0.087505317,816.4532751,0.069322959,0.005969027
954,42777.60356,5,0.078148564,863.5901318,0.054863315,0.004691106
955,41776.42467,5,0.069349207,825.9411556,0.041042785,0.00348631
956,38056.74521,5,0.06916236,752.0660734,0.040746955,0.003460696
957,40607.86364,5,0.082980436,829.1855139,0.062360497,0.00535144
958,45529.11949,5,0.080510058,924.27817,0.058535514,0.005013942
959,40795.85367,5,0.076479631,820.3366705,0.052258713,0.004462822
960,40986.87268,5,0.083736297,838.4143303,0.063527459,0.005454659
961,40672.06953,5,0.080532775,825.7203567,0.058570765,0.005017047
962,38566.67962,5,0.075226096,773.211571,0.050297283,0.004291289
963,40021.86157,5,0.083011669,817.2798178,0.062408747,0.005355706
964,39797.79924,5,0.077310045,801.8421664,0.05355566,0.004576422
965,37230.76236,5,0.072373672,741.3903283,0.045817635,0.003900745
966,43483.72649,5,0.082156717,886.1882847,0.061086974,0.005238931
967,43853.81352,5,0.070700621,869.808406,0.043179511,0.003671534
968,43695.38414,5,0.08810156,903.0236323,0.070236217,0.006050349
969,39623.50722,5,0.07868748,800.9352093,0.055702711,0.004764799
970,37849.69726,5,0.079158842,765.9325956,0.056436226,0.004829245
971,36478.55965,5,0.079197758,738.2538937,0.056496757,0.004834565
972,36887.77167,5,0.093417074,771.8614688,0.078335153,0.00677475
973,44516.39033,5,0.082928132,908.8831253,0.062279686,0.005344297
974,38579.4155,5,0.067415019,759.2222941,0.037975636,0.003221093
975,39305.46375,5,0.081527655,799.8498515,0.060113143,0.005152992
976,41126.29327,5,0.080175594,834.2385924,0.058016353,0.004968231
977,41582.10444,5,0.088657381,860.4690644,0.071086688,0.006126146
978,32367.2207,5,0.073309076,645.9750656,0.047289177,0.004028851
979,43233.00547,5,0.074831239,865.9540777,0.049678533,0.004237245
980,41279.28922,5,0.075340716,827.8207792,0.050476814,0.004306976
981,41675.49069,5,0.071703424,828.5781435,0.044761712,0.003808932
982,46366.9699,5,0.087193774,956.1993721,0.068845384,0.00592653
983,35705.58365,5,0.076853023,718.6148664,0.052842118,0.004513905
984,42935.2686,5,0.07869487,867.8931096,0.055714215,0.004765809
985,40782.91543,5,0.075388207,817.9585133,0.050551188,0.004313475
986,36283.64702,5,0.084389113,743.3467571,0.064534065,0.005543788
987,40926.02777,5,0.078941691,827.7609636,0.05609838,0.004799556
988,35495.17278,5,0.080283535,720.1958682,0.058183935,0.004982984
989,39178.06005,5,0.080113892,794.6033578,0.057920544,0.004959798
990,41907.49288,5,0.077431902,844.5915571,0.053745815,0.00459309
991,36977.77438,5,0.079602495,749.0726671,0.057126056,0.004889895
992,42752.43002,5,0.085144335,877.4290027,0.065697115,0.00564688
993,38070.07991,5,0.071336514,756.2361047,0.044183138,0.003758664
994,38608.77762,5,0.082957594,788.3231262,0.062325207,0.005348321
995,38787.00448,5,0.072424001,772.4727894,0.045896874,0.003907638
996,40800.45729,5,0.091291256,849.5095875,0.075105377,0.006485169
997,35266.14224,5,0.074201263,705.3233562,0.048690442,0.004151007
998,44708.61857,5,0.07161354,888.6917254,0.04462001,0.003796618
999,44362.35918,5,0.070297763,879.0512398,0.04254309,0.003616325